gu_name,sum_area
19,2122227.5999999996
2,1531351.2999999998
14,1515190.9000000001
12,2778702.4
3,22570.0
16,10118.7
17,2705529.0
9,88569.1
4,12027062.0
10,675617.0
13,884642.7
11,2132196.9
15,1352119.8
7,1653477.5999999999
8,126873.18999999999
23,3677981.9
1,3353.0
5,42319.0
0,423747.0
24,5977686.600000001
20,214796.5
21,184706.7
22,2934084.5
